fish_num,pdate,fishingset_year,fishingset_location,latitude,longitude,fork_length_mm,mass_g,hatchery_wild,tmar_load,species,lifestage,capture,cons_unit
M7071,6/14/2019,2019,PORT RENFREW,48.55421667,-124.5540833,840,6554.85,NA,17632.795,chinook,adult,troll,NA
M7072,6/14/2019,2019,PORT RENFREW,48.55295,-124.5478667,880,7477.1,NA,29.1,chinook,adult,troll,NA
M7073,6/20/2019,2019,PORT RENFREW,48.55426667,-124.5557667,920,9530.32,NA,2.52,chinook,adult,troll,NA
M7074,6/22/2019,2019,PORT RENFREW,48.55278,-124.5545833,850,7222.2,NA,0,chinook,adult,troll,NA
M7075,6/22/2019,2019,PORT RENFREW,48.55278333,-124.5481167,850,7222.2,NA,0,chinook,adult,troll,NA
M7076,6/24/2019,2019,PORT RENFREW,48.55205,-124.5465167,900,8132.44,NA,0,chinook,adult,troll,NA
M7077,6/24/2019,2019,PORT RENFREW,48.553,-124.55205,860,7614.8,NA,0,chinook,adult,troll,NA
M7078,6/25/2019,2019,PORT RENFREW,48.55283333,-124.54855,860,7307.16,NA,0,chinook,adult,troll,NA
M7079,6/25/2019,2019,PORT RENFREW,48.5532,-124.55755,830,7052.26,NA,0,chinook,adult,troll,NA
M7080,6/25/2019,2019,PORT RENFREW,48.55366667,-124.55185,820,7113.2,NA,0,chinook,adult,troll,NA
M7081,6/25/2019,2019,PORT RENFREW,48.55261667,-124.55755,940,10108.42,NA,0,chinook,adult,troll,NA
M7082,6/26/2019,2019,PORT RENFREW,48.55381667,-124.5535333,920,9351.35,NA,0,chinook,adult,troll,NA
M7083,6/28/2019,2019,PORT RENFREW,48.55195,-124.5489333,1005,13565.78,NA,0,chinook,adult,troll,NA
M7084,6/28/2019,2019,PORT RENFREW,48.5541,-124.5549667,840,6698.12,NA,0,chinook,adult,troll,NA
M7085,6/28/2019,2019,PORT RENFREW,48.55286667,-124.5501833,850,7373.44,NA,0,chinook,adult,troll,NA
M7086,6/28/2019,2019,PORT RENFREW,48.5537,-124.5533333,900,8802.88,NA,0,chinook,adult,troll,NA
M7087,6/28/2019,2019,PORT RENFREW,48.55318333,-124.5508167,890,9046.42,NA,0,chinook,adult,troll,NA
M7088,6/29/2019,2019,PORT RENFREW,48.55378333,-124.5511833,980,11132.17,NA,0,chinook,adult,troll,NA
M7089,6/30/2019,2019,PORT RENFREW,48.55181667,-124.54885,880,8276.25,NA,0,chinook,adult,troll,NA
M7090,7/2/2019,2019,PORT RENFREW,48.5532,-124.5460333,860,6422.31,NA,0,chinook,adult,troll,NA
M7091,7/3/2019,2019,PORT RENFREW,48.55386667,-124.55135,830,6476.82,NA,0,chinook,adult,troll,NA
M7092,7/3/2019,2019,PORT RENFREW,48.55216667,-124.5395667,860,7771,NA,0,chinook,adult,troll,NA
M7093,7/4/2019,2019,PORT RENFREW,48.55306667,-124.5546667,965,9996.48,NA,0,chinook,adult,troll,NA
M7094,7/4/2019,2019,PORT RENFREW,48.552,-124.5411833,790,6435.63,NA,0,chinook,adult,troll,NA
M7095,7/5/2019,2019,PORT RENFREW,48.55268333,-124.5528167,920,8824.62,NA,0,chinook,adult,troll,NA
M7096,7/5/2019,2019,PORT RENFREW,48.55345,-124.55175,890,6646.35,NA,0,chinook,adult,troll,NA
M7097,7/5/2019,2019,PORT RENFREW,48.55066667,-124.54305,930,10374.72,NA,0,chinook,adult,troll,NA
M7098,7/8/2019,2019,PORT RENFREW,48.55416667,-124.55525,895,8087.26,NA,0,chinook,adult,troll,NA
M7099,7/8/2019,2019,PORT RENFREW,48.55316667,-124.5496167,940,10296.48,NA,0,chinook,adult,troll,NA
M7100,7/8/2019,2019,PORT RENFREW,48.5532,-124.55565,915,9839.58,NA,0,chinook,adult,troll,NA
M7101,7/9/2019,2019,PORT RENFREW,48.5531,-124.5502333,840,6842.94,NA,0,chinook,adult,troll,NA
M7102,7/9/2019,2019,PORT RENFREW,48.5536,-124.55395,830,7652.2,NA,0,chinook,adult,troll,NA
M7103,7/9/2019,2019,PORT RENFREW,48.55343333,-124.5482333,885,6906,NA,0,chinook,adult,troll,NA
M7104,7/9/2019,2019,PORT RENFREW,48.55398333,-124.5543333,1005,12467.8,NA,0,chinook,adult,troll,NA
M7105,7/10/2019,2019,PORT RENFREW,48.53878333,-124.4572333,980,11948.95,NA,0,chinook,adult,troll,NA
M7106,7/10/2019,2019,PORT RENFREW,48.5387,-124.4569,920,10077.41,NA,0,chinook,adult,troll,NA
M7107,7/12/2019,2019,PORT RENFREW,48.55451667,-124.55285,1000,10953.7,NA,0,chinook,adult,troll,NA
M7108,7/12/2019,2019,PORT RENFREW,48.53945,-124.45545,960,9944.68,NA,0,chinook,adult,troll,NA
M7109,7/14/2019,2019,PORT RENFREW,48.56516667,-124.6192,870,8675.49,NA,0,chinook,adult,troll,NA
M7110,7/14/2019,2019,PORT RENFREW,48.56016667,-124.6207167,1000,12837.25,NA,17.6,chinook,adult,troll,NA
M7111,7/15/2019,2019,PORT RENFREW,48.56696667,-124.6277667,885,8323.27,NA,0,chinook,adult,troll,NA
M7112,7/16/2019,2019,PORT RENFREW,48.56418333,-124.6247833,830,6906.11,NA,0,chinook,adult,troll,NA
M7113,7/16/2019,2019,PORT RENFREW,48.56475,-124.61845,830,5791.95,NA,0,chinook,adult,troll,NA
M7114,7/16/2019,2019,PORT RENFREW,48.56466667,-124.6194833,865,7659.07,NA,0,chinook,adult,troll,NA
M7115,7/22/2019,2019,PORT RENFREW,48.69018333,-124.9534167,835,7094.75,NA,0,chinook,adult,troll,NA
M7116,7/22/2019,2019,PORT RENFREW,48.69025,-124.9463333,860,7614.8,NA,0,chinook,adult,troll,NA
M7117,7/22/2019,2019,PORT RENFREW,48.67998333,-124.9241167,850,8153.18,NA,0,chinook,adult,troll,NA
M7118,7/22/2019,2019,PORT RENFREW,48.68621667,-124.9362,830,6198.28,NA,0,chinook,adult,troll,NA
M7119,7/22/2019,2019,PORT RENFREW,48.6781,-124.90845,880,7951.72,NA,0,chinook,adult,troll,NA
M7120,7/22/2019,2019,PORT RENFREW,48.6781,-124.9139167,885,8995.59,NA,0,chinook,adult,troll,NA
M7121,7/22/2019,2019,PORT RENFREW,48.67853333,-124.913,830,7199.95,NA,0,chinook,adult,troll,NA
M7122,7/22/2019,2019,PORT RENFREW,48.67956667,-124.91235,895,9097.24,NA,1.555,chinook,adult,troll,NA
M7123,7/23/2019,2019,PORT RENFREW,48.67765,-124.9123333,875,9409.43,NA,0,chinook,adult,troll,NA
M7124,7/23/2019,2019,PORT RENFREW,48.67951667,-124.9171167,860,7307.16,NA,0,chinook,adult,troll,NA
M7125,7/23/2019,2019,PORT RENFREW,48.53678333,-124.4582833,910,10151.6,NA,0,chinook,adult,troll,NA
M7126,7/23/2019,2019,PORT RENFREW,48.53641667,-124.4580833,950,11785.49,NA,0,chinook,adult,troll,NA
M7127,7/24/2019,2019,PORT RENFREW,48.55341667,-124.55695,850,6068.65,NA,0,chinook,adult,troll,NA
M7128,7/24/2019,2019,PORT RENFREW,48.55236667,-124.5540667,845,8426.19,NA,0,chinook,adult,troll,NA
M7129,7/25/2019,2019,PORT RENFREW,48.56616667,-124.6239167,825,6437.8,NA,0,chinook,adult,troll,NA
M7130,7/25/2019,2019,PORT RENFREW,48.56635,-124.62105,840,7437.71,NA,0,chinook,adult,troll,NA
M7131,7/26/2019,2019,PORT RENFREW,48.56423333,-124.6192833,915,8776.66,NA,0,chinook,adult,troll,NA
M7132,7/26/2019,2019,PORT RENFREW,48.56401667,-124.6155,830,6761.48,NA,0,chinook,adult,troll,NA
M7133,7/29/2019,2019,PORT RENFREW,48.56458333,-124.61445,825,5890.16,NA,0,chinook,adult,troll,NA
M7134,7/29/2019,2019,PORT RENFREW,48.56543333,-124.61835,925,9402.17,NA,37.28,chinook,adult,troll,NA
M7135,7/29/2019,2019,PORT RENFREW,48.56436667,-124.61645,870,8509.45,NA,1.19,chinook,adult,troll,NA
M7136,7/29/2019,2019,PORT RENFREW,48.56288333,-124.6127,820,5988.28,NA,237.925,chinook,adult,troll,NA
M7137,7/30/2019,2019,PORT RENFREW,48.56478333,-124.6127,920,8824.62,NA,0.725,chinook,adult,troll,NA
M7138,7/30/2019,2019,PORT RENFREW,48.55235,-124.5510667,820,6967.3,NA,1.28,chinook,adult,troll,NA
M7139,7/31/2019,2019,PORT RENFREW,48.5656,-124.6295167,815,5818.77,NA,0.945,chinook,adult,troll,NA
M7140,7/31/2019,2019,PORT RENFREW,48.56651667,-124.6209833,1005,12901.44,NA,0,chinook,adult,troll,NA
M7141,7/31/2019,2019,PORT RENFREW,48.56473333,-124.6164667,840,6989.31,NA,0,chinook,adult,troll,NA
M7142,8/1/2019,2019,PORT RENFREW,48.56403333,-124.6179667,855,9024.88,NA,0,chinook,adult,troll,NA
M7143,8/1/2019,2019,PORT RENFREW,48.56425,-124.6168167,920,8824.62,NA,0,chinook,adult,troll,NA
M7144,8/1/2019,2019,PORT RENFREW,48.56433333,-124.6199167,860,7614.8,NA,0,chinook,adult,troll,NA
M7145,8/1/2019,2019,PORT RENFREW,48.56488333,-124.61665,840,6698.12,NA,0,chinook,adult,troll,NA
M7146,8/1/2019,2019,PORT RENFREW,48.5675,-124.6290333,870,7861.36,NA,0,chinook,adult,troll,NA
M7147,8/1/2019,2019,PORT RENFREW,48.56675,-124.62525,910,10151.6,NA,0,chinook,adult,troll,NA
M7148,8/1/2019,2019,PORT RENFREW,48.55158333,-124.6227333,850,7994.1,NA,0,chinook,adult,troll,NA
M7149,8/2/2019,2019,PORT RENFREW,48.564,-124.6172667,810,6320.75,NA,0,chinook,adult,troll,NA
M7150,8/2/2019,2019,PORT RENFREW,48.56385,-124.6144667,820,6680.02,NA,0,chinook,adult,troll,NA
M7151,8/2/2019,2019,PORT RENFREW,48.56491667,-124.6195,925,9947.12,NA,0,chinook,adult,troll,NA
M7152,8/5/2019,2019,PORT RENFREW,48.56458333,-124.6227667,850,7222.2,NA,0,chinook,adult,troll,NA
M7153,8/5/2019,2019,PORT RENFREW,48.56448333,-124.6196333,815,6639.28,NA,0,chinook,adult,troll,NA
M7154,8/5/2019,2019,PORT RENFREW,48.56306667,-124.6125333,800,6242.72,NA,0,chinook,adult,troll,NA
M7155,8/5/2019,2019,PORT RENFREW,48.56855,-124.6317333,825,5495.41,NA,0,chinook,adult,troll,NA
M7156,8/6/2019,2019,PORT RENFREW,48.56531667,-124.6203667,875,7590.31,NA,0,chinook,adult,troll,NA
M7157,8/6/2019,2019,PORT RENFREW,48.5663,-124.6231,860,7614.8,NA,0,chinook,adult,troll,NA
M7158,8/6/2019,2019,PORT RENFREW,48.56881667,-124.6372,875,8392.98,NA,0,chinook,adult,troll,NA
M7159,8/6/2019,2019,PORT RENFREW,48.56538333,-124.6181167,885,8995.59,NA,0,chinook,adult,troll,NA
M7160,8/6/2019,2019,PORT RENFREW,48.56638333,-124.6213,850,7526.26,NA,0,chinook,adult,troll,NA
M7161,8/6/2019,2019,PORT RENFREW,48.56621667,-124.6207667,925,10132.17,NA,0,chinook,adult,troll,NA
M7162,8/6/2019,2019,PORT RENFREW,48.56515,-124.6163167,840,6554.85,NA,0,chinook,adult,troll,NA
M7163,8/8/2019,2019,PORT RENFREW,48.56621667,-124.6214,860,8088.15,NA,0,chinook,adult,troll,NA
M7164,8/8/2019,2019,PORT RENFREW,48.56368333,-124.6213833,845,6451.3,NA,0,chinook,adult,troll,NA
M7165,8/9/2019,2019,PORT RENFREW,48.56398333,-124.6158333,805,6011.58,NA,0,chinook,adult,troll,NA
M7166,8/9/2019,2019,PORT RENFREW,48.56368333,-124.619,955,11847.52,NA,0,chinook,adult,troll,NA
M7167,8/9/2019,2019,PORT RENFREW,48.56401667,-124.6137833,870,8020.98,NA,0,chinook,adult,troll,NA
M7168,8/9/2019,2019,PORT RENFREW,48.56688333,-124.6253833,860,8411.64,NA,1.14,chinook,adult,troll,NA
M7169,8/9/2019,2019,PORT RENFREW,48.56453333,-124.6203833,860,7928.78,NA,0,chinook,adult,troll,NA
M7170,8/9/2019,2019,PORT RENFREW,48.56665,-124.6277167,875,8392.98,NA,5422.325,chinook,adult,troll,NA
N4401,8/17/2020,2020,PORT RENFREW,48.56525,-124.6203333,885,8825.06,NA,153.03,chinook,adult,troll,NA
N4402,8/17/2020,2020,PORT RENFREW,48.56768333,-124.6271667,930,10186.94,NA,0,chinook,adult,troll,NA
N4404,8/18/2020,2020,PORT RENFREW,48.566,-124.6212333,860,8088.15,NA,33.83,chinook,adult,troll,NA
N4405,8/18/2020,2020,PORT RENFREW,48.56495,-124.6207667,865,8460.55,NA,2.375,chinook,adult,troll,NA
N4406,8/19/2020,2020,PORT RENFREW,48.56485,-124.61635,915,8267.98,NA,11.26,chinook,adult,troll,NA
N4407,8/24/2020,2020,PORT RENFREW,48.56488333,-124.6219,780,6490.08,NA,1.1,chinook,adult,troll,NA
N4408,8/24/2020,2020,PORT RENFREW,48.56503333,-124.62,870,8675.49,NA,8.385,chinook,adult,troll,NA
N4409,8/24/2020,2020,PORT RENFREW,48.5656,-124.6200667,745,5440.57,NA,1.95,chinook,adult,troll,NA
N4410,8/24/2020,2020,PORT RENFREW,48.56438333,-124.61825,900,8464.34,NA,0.02,chinook,adult,troll,NA
N4411,8/24/2020,2020,PORT RENFREW,48.56586667,-124.6234833,870,8182.2,NA,15.385,chinook,adult,troll,NA
N4412,8/24/2020,2020,PORT RENFREW,48.56453333,-124.62,810,6184.09,NA,1.505,chinook,adult,troll,NA
N4413,8/24/2020,2020,PORT RENFREW,48.56506667,-124.6174333,795,6339.3,NA,0,chinook,adult,troll,NA
N4414,8/24/2020,2020,PORT RENFREW,48.56665,-124.6285,890,8370.29,NA,0,chinook,adult,troll,NA
N4415,8/24/2020,2020,PORT RENFREW,48.56563333,-124.6196833,820,7260.62,NA,0,chinook,adult,troll,NA
N4416,8/25/2020,2020,PORT RENFREW,48.56318333,-124.61015,790,5262.27,NA,29.085,chinook,adult,troll,NA
N4417,8/25/2020,2020,PORT RENFREW,48.56471667,-124.61545,935,10430.5,NA,1.11,chinook,adult,troll,NA
N4418,8/25/2020,2020,PORT RENFREW,48.56585,-124.62005,820,6822.9,NA,13.91,chinook,adult,troll,NA
N4419,8/25/2020,2020,PORT RENFREW,48.5662,-124.62105,925,9223.94,NA,0,chinook,adult,troll,NA
N4420,8/26/2020,2020,PORT RENFREW,48.56293333,-124.60885,775,6179.82,NA,0.28,chinook,adult,troll,NA
N4421,8/27/2020,2020,PORT RENFREW,48.56468333,-124.61475,995,12343.75,NA,0,chinook,adult,troll,NA
N4422,8/28/2020,2020,PORT RENFREW,48.5649,-124.6167333,775,6047.63,NA,0,chinook,adult,troll,NA
N4423,8/28/2020,2020,PORT RENFREW,48.56381667,-124.6153667,905,9198.88,NA,0.395,chinook,adult,troll,NA
N4424,8/28/2020,2020,PORT RENFREW,48.56536667,-124.6177,825,7156.58,NA,3.48,chinook,adult,troll,NA
N4425,8/31/2020,2020,PORT RENFREW,48.56528333,-124.6175,800,6379.16,NA,0,chinook,adult,troll,NA
N4426,8/31/2020,2020,PORT RENFREW,48.5653,-124.6283667,810,6184.09,NA,0.075,chinook,adult,troll,NA
N4427,9/1/2020,2020,PORT RENFREW,48.55286667,-124.5527833,890,9394.32,NA,0,chinook,adult,troll,NA
N4428,9/1/2020,2020,PORT RENFREW,48.55408333,-124.55415,830,6906.11,NA,1.485,chinook,adult,troll,NA
N4429,9/1/2020,2020,PORT RENFREW,48.55355,-124.5549,795,6614.88,NA,0,chinook,adult,troll,NA
N4430,9/2/2020,2020,PORT RENFREW,48.55276667,-124.55375,790,5899.57,NA,0,chinook,adult,troll,NA
N4431,9/2/2020,2020,PORT RENFREW,48.55336667,-124.5490833,830,7806,NA,1.23,chinook,adult,troll,NA
N4432,9/2/2020,2020,PORT RENFREW,48.5527,-124.54685,800,6107.74,NA,0,chinook,adult,troll,NA
N4433,9/3/2020,2020,PORT RENFREW,48.56775,-124.6324667,815,6498.77,NA,9.545,chinook,adult,troll,NA
N4434,9/4/2020,2020,PORT RENFREW,48.55378333,-124.5618333,710,4294.73,NA,0,chinook,adult,troll,NA
N4435,9/5/2020,2020,PORT RENFREW,48.554,-124.6148167,820,6260.44,NA,0,chinook,adult,troll,NA
N4436,9/6/2020,2020,PORT RENFREW,48.55505,-124.56585,750,5600.85,NA,0.695,chinook,adult,troll,NA
N4437,9/7/2020,2020,PORT RENFREW,48.53753333,-124.4567,830,7199.95,NA,45.205,chinook,adult,troll,NA
N4438,9/8/2020,2020,PORT RENFREW,48.55313333,-124.5480667,875,7906.54,NA,0,chinook,adult,troll,NA
N4439,9/8/2020,2020,PORT RENFREW,48.55448333,-124.5626667,920,8652.44,NA,0,chinook,adult,troll,NA
N4440,9/8/2020,2020,PORT RENFREW,48.55498333,-124.5638,680,3912.65,NA,148.595,chinook,adult,troll,NA
N4441,9/8/2020,2020,PORT RENFREW,48.55391667,-124.5527833,710,4729.38,NA,0,chinook,adult,troll,NA
N4442,9/9/2020,2020,PORT RENFREW,48.55351667,-124.5516333,695,4100.84,NA,0,chinook,adult,troll,NA
N4443,9/9/2020,2020,PORT RENFREW,48.53485,-124.4593667,985,10988.28,NA,766.66,chinook,adult,troll,NA
N4444,9/10/2020,2020,PORT RENFREW,48.5523,-124.5487033,715,4218.85,NA,0.425,chinook,adult,troll,NA
N4445,9/10/2020,2020,PORT RENFREW,48.55421667,-124.5592167,700,4027.73,NA,0,chinook,adult,troll,NA
N4446,9/10/2020,2020,PORT RENFREW,48.55406667,-124.5586333,885,8323.27,NA,0,chinook,adult,troll,NA
N4447,9/10/2020,2020,PORT RENFREW,48.5549,-124.5612667,1005,12253.77,NA,126.62,chinook,adult,troll,NA
N4448,9/10/2020,2020,PORT RENFREW,48.5541,-124.55425,710,4401.43,NA,0,chinook,adult,troll,NA
N4449,9/11/2020,2020,PORT RENFREW,48.55243333,-124.5441,885,7836.16,NA,0,chinook,adult,troll,NA
N4450,9/14/2020,2020,PORT RENFREW,48.5529,-124.5478833,690,3483.54,NA,4.68,chinook,adult,troll,NA
N4830,7/3/2020,2020,WCVI,48.78199167,-125.8383917,700,7710.3,W,0,chinook,adult,troll,NA
N4831,7/3/2020,2020,WCVI,48.80529167,-125.8252833,860,17062.59,W,23.855,chinook,adult,troll,NA
N4832,7/4/2020,2020,WCVI,48.63484167,-125.6249333,630,6228.05,H,0,chinook,adult,troll,NA
N4833,7/4/2020,2020,WCVI,48.60206667,-125.654975,690,9731.78,H,0,chinook,adult,troll,NA
N4845,7/24/2020,2020,WCVI,48.91416667,-125.6242833,840,17325.76,W,0,chinook,adult,troll,NA
N4847,7/24/2020,2020,WCVI,48.85334167,-125.7707083,700,10337.36,H,0,chinook,adult,troll,NA
N4851,7/25/2020,2020,WCVI,48.63220833,-125.6286667,650,9598.98,H,0.535,chinook,adult,troll,NA
N4854,7/25/2020,2020,WCVI,48.56338333,-125.7188083,790,16294.46,W,0,chinook,adult,troll,NA
N4855,7/26/2020,2020,WCVI,48.84351667,-125.5494167,610,5378.91,W,0,chinook,adult,troll,NA
N4856,7/26/2020,2020,WCVI,48.84351667,-125.5494167,820,13817.07,W,0,chinook,adult,troll,NA
N4859,8/27/2020,2020,WCVI,48.7978,-125.681175,740,9488.68,H,0,chinook,adult,troll,NA
N4860,8/27/2020,2020,WCVI,48.79531667,-125.7201333,620,5793.41,W,0,chinook,adult,troll,NA
N4863,8/27/2020,2020,WCVI,48.75789167,-125.855475,570,3913.12,W,0,chinook,adult,troll,NA
N4866,8/27/2020,2020,WCVI,48.7713,-125.7967417,600,4984.08,H,0,chinook,adult,troll,NA
N4867,8/27/2020,2020,WCVI,48.77675833,-125.7560667,780,16712.93,H,1.24,chinook,adult,troll,NA
N4869,8/28/2020,2020,WCVI,48.796025,-125.6467417,780,13708.29,W,0,chinook,adult,troll,NA
N4870,8/28/2020,2020,WCVI,48.77404167,-125.7798833,620,6129.19,W,0.235,chinook,adult,troll,NA
N4871,8/28/2020,2020,WCVI,48.76434167,-125.8151917,680,7490.01,H,0,chinook,adult,troll,NA
N4872,8/28/2020,2020,WCVI,48.76256667,-125.8213083,740,14111.66,W,2.475,chinook,adult,troll,NA
N4874,9/1/2020,2020,WCVI,48.82413333,-125.6352833,770,11371.1,W,0,chinook,adult,troll,NA
N4877,9/1/2020,2020,WCVI,48.84065,-125.7918,700,8975.78,W,0,chinook,adult,troll,NA
N4878,9/1/2020,2020,WCVI,48.85331667,-125.7550667,700,8543.27,H,10.61,chinook,adult,troll,NA
N4879,9/8/2020,2020,WCVI,48.82730833,-125.8019167,780,11518.77,H,0,chinook,adult,troll,NA
N4881,9/8/2020,2020,WCVI,48.80071667,-125.693675,740,9957.18,H,0.345,chinook,adult,troll,NA
N4882,9/8/2020,2020,WCVI,48.80035833,-125.660375,610,5699.96,H,18.48,chinook,adult,troll,NA
N4883,9/8/2020,2020,WCVI,48.80035833,-125.660375,640,5980.29,H,37.89,chinook,adult,troll,NA
N4884,9/9/2020,2020,WCVI,48.85945833,-125.4662583,620,5793.41,W,0.735,chinook,adult,troll,NA
N4885,9/9/2020,2020,WCVI,48.8496,-125.449975,640,6326.9,H,0,chinook,adult,troll,NA
N4887,9/9/2020,2020,WCVI,48.80845,-125.6158917,700,9872.82,W,0,chinook,adult,troll,NA
N4888,9/9/2020,2020,WCVI,48.80845,-125.6158917,720,9232.23,H,0,chinook,adult,troll,NA
M7172,7/11/2019,2019,WCVI,48.79585,-126.10105,770,10860.1,W,0,chinook,adult,troll,NA
M7173,7/11/2019,2019,WCVI,48.7787,-126.0839417,680,10042.01,W,0,chinook,adult,troll,NA
M7174,7/11/2019,2019,WCVI,48.77836667,-125.8768167,840,12975.1,W,0,chinook,adult,troll,NA
M7176,7/12/2019,2019,WCVI,48.63390833,-125.6364083,610,6718.98,H,193.95,chinook,adult,troll,NA
M7178,7/12/2019,2019,WCVI,48.613125,-125.6498917,660,8462.87,H,4.36,chinook,adult,troll,NA
M7181,7/12/2019,2019,WCVI,48.62085,-125.626825,590,6498.68,W,0,chinook,adult,troll,NA
M7183,7/12/2019,2019,WCVI,48.62085,-125.626825,780,12048.3,W,0.12,chinook,adult,troll,NA
M7185,7/12/2019,2019,WCVI,48.62840833,-125.626475,640,7425.32,W,0,chinook,adult,troll,NA
M7190,7/12/2019,2019,WCVI,48.64813333,-125.624175,620,5467.08,W,0,chinook,adult,troll,NA
M7192,7/15/2019,2019,WCVI,48.93320833,-125.5810167,710,10485.04,H,0,chinook,adult,troll,NA
M7195,7/15/2019,2019,WCVI,48.84283333,-125.5340667,650,7933.04,H,0,chinook,adult,troll,NA
M7197,7/16/2019,2019,WCVI,48.59568333,-125.663,770,11893.84,W,0.07,chinook,adult,troll,NA
M7199,7/16/2019,2019,WCVI,48.59568333,-125.663,690,9284.4,H,0,chinook,adult,troll,NA
M7200,7/16/2019,2019,WCVI,48.58024167,-125.6823917,810,15446.54,H,0,chinook,adult,troll,NA
M7201,7/16/2019,2019,WCVI,48.55466667,-125.738075,830,15827.94,W,0,chinook,adult,troll,NA
M7202,7/16/2019,2019,WCVI,48.54486667,-125.763075,760,13356.8,W,0,chinook,adult,troll,NA
M7207,7/16/2019,2019,WCVI,48.53330833,-125.896575,810,14235.53,W,0,chinook,adult,troll,NA
M7211,7/17/2019,2019,WCVI,48.92758333,-125.5729417,780,10495.41,W,0,chinook,adult,troll,NA
M7212,7/17/2019,2019,WCVI,48.86951667,-125.4869167,670,8177.13,H,0,chinook,adult,troll,NA
M7213,7/17/2019,2019,WCVI,48.86695833,-125.4798833,700,8543.27,W,0,chinook,adult,troll,NA
M7216,7/24/2019,2019,WCVI,48.59335833,-125.6626417,650,7541.35,H,0,chinook,adult,troll,NA
M7217,7/24/2019,2019,WCVI,48.59335833,-125.6626417,780,14874.45,W,0,chinook,adult,troll,NA
M7218,7/24/2019,2019,WCVI,48.59335833,-125.6626417,700,7710.3,H,0,chinook,adult,troll,NA
M7219,7/24/2019,2019,WCVI,48.57025,-125.6895417,790,13311.56,H,0,chinook,adult,troll,NA
M7221,7/24/2019,2019,WCVI,48.53745,-125.774225,750,10578.02,W,31.845,chinook,adult,troll,NA
M7225,7/24/2019,2019,WCVI,48.52274167,-125.8544667,830,14587.03,H,0,chinook,adult,troll,NA
M7229,7/24/2019,2019,WCVI,48.512325,-125.8792667,770,10860.1,W,0,chinook,adult,troll,NA
M7230,7/24/2019,2019,WCVI,48.51256667,-125.853975,860,15114.27,W,0,chinook,adult,troll,NA
M7231,7/24/2019,2019,WCVI,48.51256667,-125.853975,800,14059.79,W,0,chinook,adult,troll,NA
M7233,7/24/2019,2019,WCVI,48.519,-125.81615,830,18461.71,W,1.06,chinook,adult,troll,NA
M7234,7/24/2019,2019,WCVI,48.56255,-125.69055,760,11739.37,W,0.215,chinook,adult,troll,NA
M7235,7/24/2019,2019,WCVI,48.576425,-125.6696333,730,10295.94,H,0,chinook,adult,troll,NA
M7238,7/25/2019,2019,WCVI,48.6252,-125.7980417,780,10495.41,W,0,chinook,adult,troll,NA
M7243,8/14/2019,2019,WCVI,48.764975,-125.8666917,770,12974.56,W,0,chinook,adult,troll,NA
M7245,8/15/2019,2019,WCVI,48.82771667,-125.5606,880,16116.88,W,1.73,chinook,adult,troll,NA
M7249,8/15/2019,2019,WCVI,48.80023333,-125.6587167,870,19351.43,W,0,chinook,adult,troll,NA
M7250,8/15/2019,2019,WCVI,48.80905,-125.71915,770,12974.56,W,0,chinook,adult,troll,NA
M7251,8/15/2019,2019,WCVI,48.79416667,-125.6580083,800,14651.71,W,0,chinook,adult,troll,NA
M7252,8/16/2019,2019,WCVI,48.82755833,-125.5447583,790,12202.77,W,155.5,chinook,adult,troll,NA
M7253,8/16/2019,2019,WCVI,48.81089167,-125.5809,790,12751.14,W,0,chinook,adult,troll,NA
M7254,8/16/2019,2019,WCVI,48.80431667,-125.5963833,790,13311.56,H,1.395,chinook,adult,troll,NA
M7256,8/16/2019,2019,WCVI,48.827125,-125.5553833,830,14587.03,W,0,chinook,adult,troll,NA
M7257,8/23/2019,2019,WCVI,48.59895,-125.663425,720,12132.06,H,0,chinook,adult,troll,NA
M7264,8/23/2019,2019,WCVI,48.52378333,-125.876625,910,20997.76,W,0.37,chinook,adult,troll,NA
M7171,7/11/2019,2019,WCVI,48.79289167,-126.0539167,840,16018.64,W,0,chinook,adult,troll,NA
M7175,7/11/2019,2019,WCVI,48.76696667,-125.7930167,700,9418.96,H,0,chinook,adult,troll,NA
M7177,7/12/2019,2019,WCVI,48.63390833,-125.6364083,810,11961.8,W,0.29,chinook,adult,troll,NA
M7179,7/12/2019,2019,WCVI,48.61933333,-125.638575,670,8177.13,W,0,chinook,adult,troll,NA
M7180,7/12/2019,2019,WCVI,48.6262,-125.6230083,800,14651.71,W,245.71,chinook,adult,troll,NA
M7182,7/12/2019,2019,WCVI,48.62085,-125.626825,730,12300.56,H,0,chinook,adult,troll,NA
M7184,7/12/2019,2019,WCVI,48.62085,-125.626825,770,12428.33,W,0,chinook,adult,troll,NA
M7186,7/12/2019,2019,WCVI,48.62840833,-125.626475,720,11621.29,W,0,chinook,adult,troll,NA
M7187,7/12/2019,2019,WCVI,48.63054167,-125.6277667,680,9149.85,W,0,chinook,adult,troll,NA
M7188,7/12/2019,2019,WCVI,48.63054167,-125.6277667,710,12478.06,W,0,chinook,adult,troll,NA
M7189,7/12/2019,2019,WCVI,48.63058333,-125.6300417,630,6939.27,W,0,chinook,adult,troll,NA
M7191,7/15/2019,2019,WCVI,48.92016667,-125.55615,760,11223.42,W,252.885,chinook,adult,troll,NA
M7193,7/15/2019,2019,WCVI,48.88019167,-125.684575,760,11739.37,H,0,chinook,adult,troll,NA
M7194,7/15/2019,2019,WCVI,48.86525,-125.6951833,820,13235.36,W,0.38,chinook,adult,troll,NA
M7196,7/16/2019,2019,WCVI,48.6138,-125.6545917,750,12105.51,H,0,chinook,adult,troll,NA
M7198,7/16/2019,2019,WCVI,48.59568333,-125.663,790,10629.97,W,0,chinook,adult,troll,NA
M7203,7/16/2019,2019,WCVI,48.54486667,-125.763075,840,16665.79,W,0,chinook,adult,troll,NA
M7204,7/16/2019,2019,WCVI,48.5349,-125.79395,880,20305.53,W,0,chinook,adult,troll,NA
M7205,7/16/2019,2019,WCVI,48.52793333,-125.8251833,680,7889.41,W,0,chinook,adult,troll,NA
M7206,7/16/2019,2019,WCVI,48.52455833,-125.8658333,850,18212.81,W,0,chinook,adult,troll,NA
M7208,7/16/2019,2019,WCVI,48.57345833,-125.8125583,790,11666.45,W,0,chinook,adult,troll,NA
M7209,7/17/2019,2019,WCVI,48.9281,-125.5735833,800,12912.55,W,0,chinook,adult,troll,NA
M7210,7/17/2019,2019,WCVI,48.92388333,-125.5666917,820,15637.24,H,122.605,chinook,adult,troll,NA
M7214,7/23/2019,2019,WCVI,48.85114167,-125.5411167,730,9360.45,W,0,chinook,adult,troll,NA
M7215,7/24/2019,2019,WCVI,48.62139167,-125.6447833,740,11944.11,H,0,chinook,adult,troll,NA
M7220,7/24/2019,2019,WCVI,48.54570833,-125.7404333,640,6326.9,W,0,chinook,adult,troll,NA
M7222,7/24/2019,2019,WCVI,48.53745,-125.774225,840,16665.79,W,36.105,chinook,adult,troll,NA
M7223,7/24/2019,2019,WCVI,48.52865,-125.8336167,710,7018.91,H,0.48,chinook,adult,troll,NA
M7224,7/24/2019,2019,WCVI,48.52274167,-125.8544667,790,11666.45,H,0.395,chinook,adult,troll,NA
M7226,7/24/2019,2019,WCVI,48.512325,-125.8792667,820,13235.36,W,89.275,chinook,adult,troll,NA
M7227,7/24/2019,2019,WCVI,48.512325,-125.8792667,750,11584.91,W,0,chinook,adult,troll,NA
M7228,7/24/2019,2019,WCVI,48.512325,-125.8792667,810,14235.53,W,0,chinook,adult,troll,NA
M7232,7/24/2019,2019,WCVI,48.51256667,-125.853975,850,15567.45,W,0.865,chinook,adult,troll,NA
M7236,7/24/2019,2019,WCVI,48.59095833,-125.6749333,780,13143.06,W,0,chinook,adult,troll,NA
M7237,7/25/2019,2019,WCVI,48.58929167,-125.6865083,790,11142.18,W,0,chinook,adult,troll,NA
M7239,7/25/2019,2019,WCVI,48.680325,-125.9278833,820,18239.28,H,0,chinook,adult,troll,NA
M7241,8/14/2019,2019,WCVI,48.79975,-126.039175,800,13480.06,H,3.06,chinook,adult,troll,NA
M7242,8/14/2019,2019,WCVI,48.764975,-125.8666917,780,13143.06,H,43899.26,chinook,adult,troll,NA
M7244,8/14/2019,2019,WCVI,48.76515,-125.8344,770,14102.27,H,0,chinook,adult,troll,NA
M7246,8/15/2019,2019,WCVI,48.81394167,-125.601925,780,12048.3,W,0,chinook,adult,troll,NA
M7247,8/15/2019,2019,WCVI,48.80023333,-125.6587167,820,14411.28,H,0,chinook,adult,troll,NA
M7248,8/15/2019,2019,WCVI,48.80023333,-125.6587167,800,14651.71,W,0,chinook,adult,troll,NA
M7255,8/16/2019,2019,WCVI,48.7926,-125.6274333,770,11893.84,H,1306.9,chinook,adult,troll,NA
M7258,8/23/2019,2019,WCVI,48.58141667,-125.687875,730,11275.98,W,0,chinook,adult,troll,NA
M7259,8/23/2019,2019,WCVI,48.5454,-125.7789167,800,13480.06,W,0,chinook,adult,troll,NA
M7260,8/23/2019,2019,WCVI,48.5454,-125.7789167,740,9957.18,W,12529.575,chinook,adult,troll,NA
M7261,8/23/2019,2019,WCVI,48.53929167,-125.81325,730,10295.94,W,61.43,chinook,adult,troll,NA
M7262,8/23/2019,2019,WCVI,48.5324,-125.8428667,810,11961.8,W,0,chinook,adult,troll,NA
M7263,8/23/2019,2019,WCVI,48.5324,-125.8428667,840,14154.07,W,1286.575,chinook,adult,troll,NA
M7265,8/23/2019,2019,WCVI,48.57765833,-125.8051167,780,13708.29,H,0,chinook,adult,troll,NA
M7266,8/23/2019,2019,WCVI,48.62268333,-125.8001167,850,16209.33,W,4658.895,chinook,adult,troll,NA
N4834,7/4/2020,2020,WCVI,48.572375,-125.692225,820,18239.28,W,0,chinook,adult,troll,NA
N4835,7/4/2020,2020,WCVI,48.55629167,-125.7175917,670,8591.1,W,0,chinook,adult,troll,NA
N4836,7/4/2020,2020,WCVI,48.55629167,-125.7175917,780,12048.3,W,0,chinook,adult,troll,NA
N4837,7/4/2020,2020,WCVI,48.55629167,-125.7175917,820,15018.01,W,0,chinook,adult,troll,NA
N4838,7/4/2020,2020,WCVI,48.58814167,-125.69125,860,19844.04,W,0,chinook,adult,troll,NA
N4839,7/4/2020,2020,WCVI,48.60066667,-125.6597,720,10154.9,H,0,chinook,adult,troll,NA
N4840,7/4/2020,2020,WCVI,48.60066667,-125.6597,860,17738.28,W,0,chinook,adult,troll,NA
N4841,7/4/2020,2020,WCVI,48.60066667,-125.6597,740,12469.06,W,0,chinook,adult,troll,NA
N4842,7/4/2020,2020,WCVI,48.60066667,-125.6597,870,19351.43,W,0,chinook,adult,troll,NA
N4843,7/5/2020,2020,WCVI,48.63670833,-125.6263917,770,14683.75,H,0,chinook,adult,troll,NA
N4844,7/5/2020,2020,WCVI,48.56823333,-125.615525,720,9232.23,W,0,chinook,adult,troll,NA
N4846,7/24/2020,2020,WCVI,48.91416667,-125.6242833,770,11893.84,W,0,chinook,adult,troll,NA
N4848,7/24/2020,2020,WCVI,48.85334167,-125.7707083,710,10967.05,H,0,chinook,adult,troll,NA
N4849,7/24/2020,2020,WCVI,48.85334167,-125.7707083,760,12806.06,W,0,chinook,adult,troll,NA
N4850,7/24/2020,2020,WCVI,48.848175,-125.7854083,680,10503.65,H,0,chinook,adult,troll,NA
N4852,7/25/2020,2020,WCVI,48.61465833,-125.644275,770,14102.27,H,0,chinook,adult,troll,NA
N4853,7/25/2020,2020,WCVI,48.58004167,-125.6914833,770,11371.1,W,0,chinook,adult,troll,NA
N4857,7/26/2020,2020,WCVI,48.84713333,-125.5292333,640,7049.42,H,0,chinook,adult,troll,NA
N4858,8/27/2020,2020,WCVI,48.82755,-125.549775,630,5886.85,H,0,chinook,adult,troll,NA
N4861,8/27/2020,2020,WCVI,48.78341667,-125.7503583,750,12105.51,H,0,chinook,adult,troll,NA
N4862,8/27/2020,2020,WCVI,48.75789167,-125.855475,600,5931.47,H,0,chinook,adult,troll,NA
N4864,8/27/2020,2020,WCVI,48.762325,-125.8636167,580,4530.38,H,1.97,chinook,adult,troll,NA
N4865,8/27/2020,2020,WCVI,48.77028333,-125.8311667,590,5513.08,W,0,chinook,adult,troll,NA
N4868,8/28/2020,2020,WCVI,48.81766667,-125.579325,790,14468.57,H,0,chinook,adult,troll,NA
N4873,8/31/2020,2020,WCVI,48.8379,-125.809,870,18641.35,W,344.59,chinook,adult,troll,NA
N4875,9/1/2020,2020,WCVI,48.8443,-125.7801667,810,18016.85,W,0,chinook,adult,troll,NA
N4876,9/1/2020,2020,WCVI,48.84311667,-125.7696,670,7379.86,H,0,chinook,adult,troll,NA
N4880,9/8/2020,2020,WCVI,48.76591667,-125.803875,810,14235.53,W,107738.28,chinook,adult,troll,NA
N4886,9/9/2020,2020,WCVI,48.8496,-125.449975,750,13181.05,H,0.725,chinook,adult,troll,NA
h_235_2022,8/25/2022,2022,Bamfield,48.908907,-125.246364,500,1100,NA,419.7373979,chinook,adult,troll,SOOS_CREEK
h_249_2022,8/26/2022,2022,Bamfield,48.908907,-125.246364,690,4100,NA,21506.54218,chinook,adult,troll,ROBERTSON_CREEK
h_240_2022,8/25/2022,2022,Bamfield,48.89902,-125.133476,710,4700,NA,16.88984852,chinook,adult,troll,ROBERTSON_CREEK
h_244_2022,8/26/2022,2022,Bamfield,48.908907,-125.246364,430,860,NA,0,chinook,adult,troll,ABERNATHY_RIVER
h_246_2022,8/26/2022,2022,Bamfield,48.908907,-125.246364,390,620,NA,76.97468991,chinook,adult,troll,SOOS_CREEK
h_250_2022,8/26/2022,2022,Bamfield,48.908907,-125.246364,720,4100,NA,0,chinook,adult,troll,ROBERTSON_CREEK
h_243_2022,8/26/2022,2022,Bamfield,48.908907,-125.246364,520,1400,NA,67.88830767,chinook,adult,troll,
h_173_2022,8/11/2022,2022,Bamfield,48.850909,-125.206804,420,750,NA,0,chinook,adult,troll,ABERNATHY_RIVER
h_177_2022,8/11/2022,2022,Bamfield,48.807586,-125.189229,625,2760,NA,0,chinook,adult,troll,NITINAT_RIVER
h_163_2022,8/10/2022,2022,Bamfield,48.850909,-125.206804,445,830,NA,0,chinook,adult,troll,ABERNATHY_RIVER
h_158_2022,8/10/2022,2022,Bamfield,48.96684,-125.085703,380,580,NA,0,chinook,adult,troll,NANAIMO_RIVER_fall
h_138_2022,8/9/2022,2022,Bamfield,48.850909,-125.206804,480,1230,NA,0,chinook,adult,troll,CHILLIWACK_RIVER_fall
h_149_2022,8/9/2022,2022,Bamfield,48.850909,-125.206804,370,480,NA,0,chinook,adult,troll,SNOHOMISH_RIVER
h_175_2022,8/11/2022,2022,Bamfield,48.807586,-125.189229,680,3530,NA,0,chinook,adult,troll,ROBERTSON_CREEK
h_202_2022,8/23/2022,2022,Bamfield,48.88949,-125.148485,710,5100,NA,0,chinook,adult,troll,ROBERTSON_CREEK
h_186_2022,8/12/2022,2022,Bamfield,48.807586,-125.189229,800,5800,NA,0,chinook,adult,troll,ROBERTSON_CREEK
h_147_2022,8/9/2022,2022,Bamfield,48.850909,-125.206804,730,5170,NA,0,chinook,adult,troll,THOMPSON_RIVER_BELOW_KAMLOOPS_LAKE
h_151_2022,8/9/2022,2022,Bamfield,48.850909,-125.206804,360,490,NA,0,chinook,adult,troll,SOOS_CREEK
h_204_2022,8/23/2022,2022,Bamfield,48.88949,-125.148485,620,5300,NA,0,chinook,adult,troll,SERPENTINE_RIVER
h_146_2022,8/9/2022,2022,Bamfield,48.850909,-125.206804,400,630,NA,0,chinook,adult,troll,SOOS_CREEK
h_191_2022,8/23/2022,2022,Bamfield,48.88949,-125.148485,810,5900,NA,35583.66655,chinook,adult,troll,ROBERTSON_CREEK
h_183_2022,8/11/2022,2022,Bamfield,48.807586,-125.189229,390,610,NA,0,chinook,adult,troll,ABERNATHY_RIVER
h_142_2022,8/9/2022,2022,Bamfield,48.850909,-125.206804,530,1890,NA,34.1285705,chinook,adult,troll,SOOS_CREEK
h_143_2022,8/9/2022,2022,Bamfield,48.850909,-125.206804,690,4010,NA,0,chinook,adult,troll,SARITA_RIVER
h_144_2022,8/9/2022,2022,Bamfield,48.850909,-125.206804,420,790,NA,0,chinook,adult,troll,COWICHAN_RIVER
h_212_2022,8/24/2022,2022,Bamfield,48.790074,-125.218686,670,3400,NA,270.5697137,chinook,adult,troll,ROBERTSON_CREEK
h_223_2022,8/25/2022,2022,Bamfield,48.96684,-125.085703,420,700,NA,1011.264221,chinook,adult,troll,SOOS_CREEK
h_189_2022,8/12/2022,2022,Bamfield,48.807586,-125.189229,800,6400,NA,0,chinook,adult,troll,ROBERTSON_CREEK
102_tag,8/20/2021,2021,Bamfield,NA,NA,790,NA,NA,3.600000759,chinook,adult,troll,NA
126_tag,8/21/2021,2021,Bamfield,NA,NA,850,NA,NA,0,chinook,adult,troll,NA
131_tag,8/21/2021,2021,Bamfield,NA,NA,660,NA,NA,0,chinook,adult,troll,NA
136_tag,8/22/2021,2021,Bamfield,NA,NA,820,NA,NA,0,chinook,adult,troll,NA
14_tag,8/11/2021,2021,Bamfield,NA,NA,670,NA,NA,36.66919212,chinook,adult,troll,NA
167_tag,8/23/2021,2021,Bamfield,NA,NA,650,NA,NA,0,chinook,adult,troll,NA
182_tag,8/24/2021,2021,Bamfield,NA,NA,740,NA,NA,0,chinook,adult,troll,NA
188_tag,8/24/2021,2021,Bamfield,NA,NA,710,NA,NA,7.365237103,chinook,adult,troll,NA
200_tag,8/25/2021,2021,Bamfield,NA,NA,780,NA,NA,0,chinook,adult,troll,NA
201_tag,8/25/2021,2021,Bamfield,NA,NA,680,NA,NA,0,chinook,adult,troll,NA
206_tag,8/26/2021,2021,Bamfield,NA,NA,670,NA,NA,0,chinook,adult,troll,NA
210_tag,8/26/2021,2021,Bamfield,NA,NA,880,NA,NA,0,chinook,adult,troll,NA
246_tag,8/30/2021,2021,Bamfield,NA,NA,750,NA,NA,4112.463174,chinook,adult,troll,NA
25_tag,8/12/2021,2021,Bamfield,NA,NA,610,NA,NA,0,chinook,adult,troll,NA
26_tag,8/13/2021,2021,Bamfield,NA,NA,810,NA,NA,0,chinook,adult,troll,NA
31_tag,8/13/2021,2021,Bamfield,NA,NA,740,NA,NA,0,chinook,adult,troll,NA
46_tag,8/14/2021,2021,Bamfield,NA,NA,730,NA,NA,0,chinook,adult,troll,NA
51_tag,8/15/2021,2021,Bamfield,NA,NA,800,NA,NA,3.957962611,chinook,adult,troll,NA
52_tag,8/15/2021,2021,Bamfield,NA,NA,840,NA,NA,0,chinook,adult,troll,NA
69_tag,8/16/2021,2021,Bamfield,NA,NA,750,NA,NA,0,chinook,adult,troll,NA
77_tag,8/17/2021,2021,Bamfield,NA,NA,830,NA,NA,0,chinook,adult,troll,NA
79_tag,8/17/2021,2021,Bamfield,NA,NA,530,NA,NA,0,chinook,adult,troll,NA
84_tag,8/18/2021,2021,Bamfield,NA,NA,690,NA,NA,0,chinook,adult,troll,NA
86_tag,8/18/2021,2021,Bamfield,NA,NA,840,NA,NA,2837.075935,chinook,adult,troll,NA
510_tag,8/13/2022,2022,Bamfield,NA,NA,610,NA,NA,0,chinook,adult,troll,NA
603_tag,8/28/2022,2022,Bamfield,NA,NA,620,NA,NA,435.9009997,chinook,adult,troll,NA
606_tag,8/29/2022,2022,Bamfield,NA,NA,620,NA,NA,0,chinook,adult,troll,NA
607_tag,8/29/2022,2022,Bamfield,NA,NA,620,NA,NA,0,chinook,adult,troll,NA
512_tag,8/14/2022,2022,Bamfield,NA,NA,760,NA,NA,0,chinook,adult,troll,NA
630_tag,8/31/2022,2022,Bamfield,NA,NA,670,NA,NA,12.15772379,chinook,adult,troll,NA
631_tag,9/1/2022,2022,Bamfield,NA,NA,740,NA,NA,0,chinook,adult,troll,NA
635_tag,9/2/2022,2022,Bamfield,NA,NA,770,NA,NA,0,chinook,adult,troll,NA
516_tag,8/14/2022,2022,Bamfield,NA,NA,680,NA,NA,13.46631543,chinook,adult,troll,NA
521_tag,8/15/2022,2022,Bamfield,NA,NA,790,NA,NA,0,chinook,adult,troll,NA
522_tag,8/15/2022,2022,Bamfield,NA,NA,640,NA,NA,0,chinook,adult,troll,NA
528_tag,8/15/2022,2022,Bamfield,NA,NA,720,NA,NA,0,chinook,adult,troll,NA
534_tag,8/16/2022,2022,Bamfield,NA,NA,860,NA,NA,0,chinook,adult,troll,NA
555_tag,8/18/2022,2022,Bamfield,NA,NA,820,NA,NA,53.33779864,chinook,adult,troll,NA
564_tag,8/19/2022,2022,Bamfield,NA,NA,810,NA,NA,586.6648193,chinook,adult,troll,NA
565_tag,8/19/2022,2022,Bamfield,NA,NA,880,NA,NA,0,chinook,adult,troll,NA
566_tag,8/19/2022,2022,Bamfield,NA,NA,680,NA,NA,0,chinook,adult,troll,NA
569_tag,8/19/2022,2022,Bamfield,NA,NA,650,NA,NA,2.324227678,chinook,adult,troll,NA
570_tag,8/19/2022,2022,Bamfield,NA,NA,720,NA,NA,0,chinook,adult,troll,NA
577_tag,8/20/2022,2022,Bamfield,NA,NA,620,NA,NA,0,chinook,adult,troll,NA
579_tag,8/20/2022,2022,Bamfield,NA,NA,870,NA,NA,0,chinook,adult,troll,NA
508_tag,8/8/2022,2022,Bamfield,NA,NA,700,NA,NA,0,chinook,adult,troll,NA
583_tag,8/21/2022,2022,Bamfield,NA,NA,740,NA,NA,0,chinook,adult,troll,NA
597_tag,8/28/2022,2022,Bamfield,NA,NA,700,NA,NA,28.19072913,chinook,adult,troll,NA
R3166,5/30/2023,2023,Bamfield,NA,NA,420,NA,NA,0,chinook,adult,troll,NA
R3178,5/30/2023,2023,Bamfield,NA,NA,450,NA,NA,0,chinook,adult,troll,NA
R3171,5/30/2023,2023,Bamfield,NA,NA,400,NA,NA,0,chinook,adult,troll,NA
R3173,5/30/2023,2023,Bamfield,NA,NA,810,NA,NA,0,chinook,adult,troll,NA
R3165,5/30/2023,2023,Bamfield,NA,NA,670,NA,NA,0,chinook,adult,troll,NA
R3168,5/30/2023,2023,Bamfield,NA,NA,510,NA,NA,0,chinook,adult,troll,NA
R3174,5/30/2023,2023,Bamfield,NA,NA,420,NA,NA,0,chinook,adult,troll,NA
R3228,6/1/2023,2023,Bamfield,NA,NA,400,NA,NA,0,chinook,adult,troll,NA
R3242,6/2/2023,2023,Bamfield,NA,NA,430,NA,NA,0,chinook,adult,troll,NA
R3205,5/31/2023,2023,Bamfield,NA,NA,370,NA,NA,0,chinook,adult,troll,NA
R3234,6/2/2023,2023,Bamfield,NA,NA,430,NA,NA,0,chinook,adult,troll,NA
R3197,5/31/2023,2023,Bamfield,NA,NA,400,NA,NA,0,chinook,adult,troll,NA
R3208,5/31/2023,2023,Bamfield,NA,NA,460,NA,NA,11.9817036,chinook,adult,troll,NA
R3224,6/1/2023,2023,Bamfield,NA,NA,460,NA,NA,0,chinook,adult,troll,NA
R3198,5/31/2023,2023,Bamfield,NA,NA,490,NA,NA,0,chinook,adult,troll,NA
R3219,6/1/2023,2023,Bamfield,NA,NA,590,NA,NA,0,chinook,adult,troll,NA
R3191,5/31/2023,2023,Bamfield,NA,NA,590,NA,NA,0,chinook,adult,troll,NA
R3229,6/1/2023,2023,Bamfield,NA,NA,350,NA,NA,0,chinook,adult,troll,NA
R3223,6/1/2023,2023,Bamfield,NA,NA,480,NA,NA,0,chinook,adult,troll,NA
R3201,5/31/2023,2023,Bamfield,NA,NA,370,NA,NA,0,chinook,adult,troll,NA
R3235,6/2/2023,2023,Bamfield,NA,NA,780,NA,NA,0,chinook,adult,troll,NA
R3190,5/31/2023,2023,Bamfield,NA,NA,610,NA,NA,0,chinook,adult,troll,NA
R3196,5/31/2023,2023,Bamfield,NA,NA,470,NA,NA,0,chinook,adult,troll,NA
R3240,6/2/2023,2023,Bamfield,NA,NA,520,NA,NA,0,chinook,adult,troll,NA
R3206,5/31/2023,2023,Bamfield,NA,NA,570,NA,NA,0,chinook,adult,troll,NA
R3181,5/30/2023,2023,Bamfield,NA,NA,510,NA,NA,0,chinook,adult,troll,NA
R3186,5/31/2023,2023,Bamfield,NA,NA,340,NA,NA,0,chinook,adult,troll,NA
R3226,6/1/2023,2023,Bamfield,NA,NA,510,NA,NA,0,chinook,adult,troll,NA
